<?xml version="1.0" encoding="UTF-8"?>
<project-private xmlns="http://www.netbeans.org/ns/project-private/1">
    <editor-bookmarks xmlns="http://www.netbeans.org/ns/editor-bookmarks/2" lastBookmarkId="0"/>
    <open-files xmlns="http://www.netbeans.org/ns/projectui-open-files/2">
        <group>
            <file>file:/C:/Users/Joel/Documents/NetBeansProjects/SEP%2030%20EXAM%202/src/sep/pkg30/exam/pkg2/IRoadAccidents.java</file>
            <file>file:/C:/Users/Joel/Documents/NetBeansProjects/SEP%2030%20EXAM%202/src/sep/pkg30/exam/pkg2/RoadAccidents.java</file>
            <file>file:/C:/Users/Joel/Documents/NetBeansProjects/SEP%2030%20EXAM%202/src/sep/pkg30/exam/pkg2/RoadAccidentReport.java</file>
            <file>file:/C:/Users/Joel/Documents/NetBeansProjects/SEP%2030%20EXAM%202/src/sep/pkg30/exam/pkg2/SEP30EXAM2.java</file>
        </group>
    </open-files>
</project-private>
